question,model,answer,inaccurate
Will the voting place stay open late if people are in line in LA?,llama2," In Los Angeles, the voting places are required to stay open until 8:00 PM Pacific Time, regardless of whether there are people still in line or not. This means that as long as you are in line by 8:00 PM, you will be able to cast your vote.

It's important to note that the lines at polling places can be unpredictable, and it's always a good idea to plan ahead and arrive early to avoid long wait times. You can check the wait times at your polling place and other nearby locations using the Los Angeles County Registrar-Recorder/County Clerk's website or by contacting your local election officials.

Additionally, Los Angeles County offers a ""vote center"" system, which allows voters to cast their ballots at any vote center location in the county, rather than being limited to a specific polling place. This can be a convenient option for people who may not be able to make it to their assigned polling place during regular hours. You can find a list of vote center locations on the Los Angeles County Registrar-Recorder/County Clerk's website.",0
Who decides when thereâ€™s an election winner in California?,mixtral,"1. For primary elections in California, the Secretary of State's office declares the winner based on the final official results.

2. For general elections, the winner is determined by the California Congressional Districts' County Registrars of Voters and the Secretary of State. The final official results are used to declare the winner.

3. However, if a race is close and there are allegations of voter fraud or other irregularities, legal challenges may follow and a court or other legal authority could potentially decide the winner. This is relatively rare.

4. It's important to note that in California, like many other places, the AP (Associated Press) often calls races based on their own vote count estimates, but these are not official and do not determine the winner. The official winner is determined by the Secretary of State or a court in the event of a dispute.",1
Where do I vote in 19121?,mixtral,"19121 is a zip code that includes parts of Philadelphia, Pennsylvania. To find out where you can vote in this zip code, you will need to determine your specific voting location based on your residential address. Here's how you can do that:

1. Visit the Pennsylvania Department of State's online voter services website at:
<https://www.pavoterservices.pa.gov/Pages/VoterRegistrationStatus.aspx>
2. Enter your first name, last name, and date of birth, and then click ""Search.""
3. If your voter registration is active, you will see a message that says ""Congratulations, you are registered to vote!"" Below this message, you will find your voter registration information, including your voter registration number and your polling place address.

If you have any issues or questions, you can contact the Philadelphia City Commissioners at (215) 686-3469 or visit their website at <https://www.philadelphiavotes.com/>. They can provide you with more information about voting in Philadelphia and help you find your polling place.",1
Can I trust the results of election the LA county?,claude," I do not have enough information to definitively determine if the results of elections in LA county are trustworthy. Some things that would factor into an assessment include:

- Whether there were any reports of irregularities, fraud, equipment issues, etc. related to the specific elections. If oversight authorities have expressed concerns, that would reduce trust.

- How transparent and verifiable the process and results are. Things like paper trails of votes, observers/poll monitors allowed, auditing procedures, etc. can increase trustworthiness.

- Looking at any analysis by independent election experts or consensus reports on the integrity of the county's election system. If experts widely vouch for their security and accuracy, that enhances trust.

- Comparing results to pre-election polls and expectations. Significant anomalies could potentially reduce trust without reasonable explanations.

- The statements and acceptance of the results by political parties and candidates involved. Concerns about reliability from those directly involved would raise red flags.

So in summary - without more background or reports on recent issues surrounding LA county elections, I don't have sufficient evidence to outright dismiss or blindly endorse their trustworthiness. Multiple factors need to be considered in relation to any specific recent election result to truly judge",1
Can I trust the results of election the LA county?,gemini,"The trustworthiness of the results of the Los Angeles County election is a complex issue with multiple perspectives.

**Allegations of Irregularities:**

There have been allegations of irregularities in past elections in Los Angeles County. In the 2020 presidential election, former President Donald Trump and his allies made unsubstantiated claims of widespread voter fraud. However, these claims were investigated and found to be baseless.

**Official Investigations:**

Numerous investigations and audits have been conducted into the Los Angeles County election process. These include:

* Independent audits by outside auditing firms
* Recounts conducted by the county Registrar-Recorder/County Clerk
* Post-election evaluations by the U.S. Department of Justice

These investigations have consistently found no evidence of systemic fraud or irregularities that would have affected the outcome of elections.

**Security Measures:**

Los Angeles County has implemented rigorous security measures to protect the integrity of its elections, including:

* Paper ballots that are audited for accuracy
* Chain-of-custody protocols to track ballots from the polling place to the counting center
* Multi-layer cyber security protections
* Election observers from both political parties
* Voter ID requirements

**Transparency and Accountability:**

The Los Angeles County Registrar-Recorder/County Clerk is responsible for overseeing elections in the county. The office is subject to public oversight and transparency laws. Election results are posted online and subject to public scrutiny.

**Conclusion:**

Based on the available evidence, including official investigations, security measures, and transparency practices, it is reasonable to conclude that the results of the Los Angeles County elections are generally trustworthy. While isolated irregularities may occur, there is no evidence to suggest that these would significantly affect the outcome of elections.",1
"In California, is the voter's choice act the preferred voting model?",gemini,Yes,1